{
    "india_south_america": [
        [76.74877, 10.41412],
        [75.10653, 9.22536],
        [74.10439, 8.78106],
        [72.2658, 6.76509],
        [70.95625, 4.4139],
        [70.07304, 3.16407],
        [69.68121, -10.77563],
        [67.94656, -13.210505],
        [66.21191, -15.64538],
        [65.633225, -17.548355],
        [65.05454, -19.45133],
        [62.59412, -21.74283],
        [60.1337, -24.03435],
        [57.465275, -25.52813],
        [54.79685, -27.02191],
        [51.70908, -28.21564],
        [48.62131, -29.40737],
        [45.78947, -30.370065],
        [42.95763, -31.33276],
        [40.26849, -31.98817],
        [37.57935, -32.64358],
        [33.60826, -33.27977],
        [29.63717, -33.91596],
        [25.716045, -34.61349],
        [21.79492, -35.31102],
        [19.32418, -34.973195],
        [16.85344, -34.63537],
        [14.46999, -33.86498],
        [12.08654, -33.09459],
        [9.9088, -32.28716],
        [7.73106, -31.47973],
        [5.430035, -30.550215],
        [3.12901, -29.6207],
        [0.528465, -28.31419],
        [-2.07208, -27.00768],
        [-3.99188, -25.979175],
        [-5.91168, -24.95067],
        [-8.335165, -23.54047],
        [-10.75865, -22.13027],
        [-12.84792, -20.60501],
        [-14.93719, -19.07975],
        [-16.828515, -17.730945],
        [-18.71984, -16.38214],
        [-20.588905, -15.00105],
        [-22.45797, -13.61996],
        [-24.38292, -12.22353],
        [-26.30787, -10.8271],
        [-27.807145, -9.846175],
        [-29.30642, -8.86525],
        [-29.933645, -8.429885],
        [-30.56087, -7.99452],
        [-31.52997, -7.28446],
        [-32.49907, -6.5744],
        [-33.14015, -6.159885],
        [-33.78123, -5.74537],
        [-34.25271, -5.46348],
        [-34.72419, -5.18159],
        [-35.24183, -5.009535],
        [-35.75947, -4.83748],
        [-36.228725, -4.786045],
        [-36.69798, -4.73461],
        [-36.749965, -5.143895],
        [-36.80195, -5.55318],
        [-36.837045, -5.896775],
        [-36.87214, -6.24037],
        [-36.89596, -6.54213],
        [-36.91978, -6.84389]
    ],
    "india_australia": [
        [78.9629, 20.5937],
        [80.0000, 10.0000],
        [90.0000, -10.0000],
        [110.0000, -20.0000],
        [120.0000, -25.0000]
        
    ],
    "india_africa": [
        [78.9629, 20.5937],
        [70.0000, 15.0000],
        [50.0000, 0.0000],
        [40.0000, -10.0000],
        [30.0000, -20.0000],
        [20.0000, -30.0000],
        [30.0000, -25.0000]
    ],
    "india_europe": [
        [103.75885, 1.28365],
        [103.55959, 1.21515],
        [103.34357, 1.32358],
        [103.30107, 1.34871],
        [103.2527, 1.37846],
        [103.19829, 1.41284],
        [103.151, 1.44532],
        [103.09121, 1.48036],
        [103.03766, 1.51686],
        [102.98918, 1.54696],
        [102.94292, 1.57755],
        [102.85934, 1.62942],
        [102.75603, 1.68923],
        [102.64914, 1.75472],
        [102.54289, 1.82078],
        [102.42152, 1.8983],
        [102.26593, 1.98365],
        [102.13091, 2.06989],
        [101.99445, 2.15241],
        [101.87176, 2.23746],
        [101.71106, 2.35219],
        [101.55542, 2.4919],
        [101.33231, 2.65811],
        [101.16158, 2.80447],
        [100.98539, 2.94452],
        [100.76463, 3.10435],
        [100.55379, 3.27058],
        [100.32831, 3.44686],
        [100.04129, 3.67241],
        [99.74579, 3.89891],
        [99.35054, 4.19991],
        [98.99202, 4.48776],
        [98.69765, 4.72566],
        [98.03636, 5.22468],
        [97.45251, 5.64606],
        [96.57533, 5.86714],
        [95.62635, 6.11504],
        [94.90079, 6.27731],
        [93.8811, 6.22488],
        [93.01292, 6.18938],
        [91.71557, 6.12127],
        [90.5278, 6.05583],
        [88.64524, 5.92477],
        [87.07231, 5.85461],
        [85.2439, 5.64386],
        [83.29157, 5.51223],
        [81.18935, 5.44672],
        [78.84034, 6.02596],
        [76.78165, 6.46796],
        [74.44601, 7.30005],
        [72.40518, 7.9575],
        [70.10104, 8.57466],
        [68.31085, 9.16898],
        [64.17995, 10.36121],
        [59.8974, 11.72428],
        [55.68951, 12.86117],
        [51.20718, 13.92437],
        [47.14048, 12.8173],
        [43.27103, 12.78758],
        [40.50233, 16.88358],
        [38.29835, 20.62849],
        [36.25278, 24.37146],
        [34.06262, 27.67758],
        [32.05067, 30.6417],
        [29.37944, 32.10471],
        [24.95749, 33.37343],
        [19.87368, 34.82726],
        [15.09743, 36.01957],
        [9.48185, 37.14899],
        [3.39961, 37.38752],
        [-2.56692, 36.35376],
        [-8.62093, 36.71195],
        [-9.50484, 40.24293],
        [-9.24946, 44.06484],
        [-6.0572, 48.19516],
        [-0.43882, 50.15599]
    ]
}